Category,File,Line,Translation Key,Code Context
Authentication,src/app/(auth)/accept-invitation/components/accept-invitation-form.tsx,48,token,"const token = searchParams.get(""token"")"
Authentication,src/app/(auth)/login/components/user-auth-form.tsx,30,validation.email_required,".min(1, { message: t(""validation.email_required"") })"
Authentication,src/app/(auth)/login/components/user-auth-form.tsx,31,validation.email_invalid,".email({ message: t(""validation.email_invalid"") }),"
Authentication,src/app/(auth)/login/components/user-auth-form.tsx,117,login.email,"<FormLabel>{t(""login.email"")}</FormLabel>"
Authentication,src/app/(auth)/login/components/user-auth-form.tsx,119,login.email_placeholder,"<Input placeholder={t(""login.email_placeholder"")} {...field} />"
Authentication,src/app/(auth)/login/components/user-auth-form.tsx,131,login.password,"<FormLabel>{t(""login.password"")}</FormLabel>"
Authentication,src/app/(auth)/login/components/user-auth-form.tsx,136,login.forgot_password,"{t(""login.forgot_password"")}"
Authentication,src/app/(auth)/login/components/user-auth-form.tsx,140,login.password_placeholder,"<PasswordInput placeholder={t(""login.password_placeholder"")} {...field} />"
Authentication,src/app/(auth)/login/components/user-auth-form.tsx,147,login.button_loading,"{isLoading ? t(""login.button_loading"") : t(""login.button"")}"
Authentication,src/app/(auth)/login/components/user-auth-form.tsx,147,login.button,"{isLoading ? t(""login.button_loading"") : t(""login.button"")}"
Authentication,src/app/(auth)/login/page.tsx,14,login.subtitle,"{t(""login.subtitle"")}"
Authentication,src/app/(auth)/login/page.tsx,19,login.terms_text,"{t(""login.terms_text"")}{"" ""}"
Authentication,src/app/(auth)/login/page.tsx,24,login.terms_link,"{t(""login.terms_link"")}"
Authentication,src/app/(auth)/login/page.tsx,26,login.terms_and,"{t(""login.terms_and"")}{"" ""}"
Authentication,src/app/(auth)/login/page.tsx,31,login.privacy_link,"{t(""login.privacy_link"")}"
Authentication,src/app/(auth)/reset-password/components/reset-password-form.tsx,44,token,"const token = searchParams?.get(""token"")"
Other,src/app/(dashboard)/(dashboard-1)/page.tsx,25,page.title,"<h1 className=""text-2xl font-bold tracking-tight"">{t(""page.title"")}</h1>"
Other,src/app/(dashboard)/(dashboard-1)/page.tsx,37,widgets.overview,"{t(""widgets.overview"")}"
Other,src/app/(dashboard)/(dashboard-1)/page.tsx,44,widgets.analytics,"{t(""widgets.analytics"")}"
Other,src/app/(dashboard)/(dashboard-1)/page.tsx,52,widgets.reports,"{t(""widgets.reports"")}"
Other,src/app/(dashboard)/(dashboard-1)/page.tsx,60,widgets.notifications,"{t(""widgets.notifications"")}"
Other,src/app/(dashboard)/403/page.tsx,22,forbidden.title,"<CardTitle className=""text-2xl"">{t(""forbidden.title"")}</CardTitle>"
Other,src/app/(dashboard)/403/page.tsx,24,forbidden.description,"{t(""forbidden.description"")}"
Other,src/app/(dashboard)/403/page.tsx,29,forbidden.why_title,"<h3 className=""font-semibold mb-2"">{t(""forbidden.why_title"")}</h3>"
Other,src/app/(dashboard)/403/page.tsx,31,forbidden.reason_1,"<li>• {t(""forbidden.reason_1"")}</li>"
Other,src/app/(dashboard)/403/page.tsx,32,forbidden.reason_2,"<li>• {t(""forbidden.reason_2"")}</li>"
Other,src/app/(dashboard)/403/page.tsx,33,forbidden.reason_3,"<li>• {t(""forbidden.reason_3"")}</li>"
Other,src/app/(dashboard)/403/page.tsx,38,forbidden.contact_admin,"{t(""forbidden.contact_admin"")}"
Other,src/app/(dashboard)/dashboard-2/page.tsx,21,page.title,"<h2 className=""text-2xl font-bold tracking-tight"">{t(""page.title"")}</h2>"
Other,src/app/(dashboard)/dashboard-2/page.tsx,23,page.description,"{t(""page.description"")}"
Other,src/app/(dashboard)/dashboard-3/page.tsx,23,page.title,"{t(""page.title"")}"
Other,src/app/(dashboard)/dashboard-3/page.tsx,26,page.description,"{t(""page.description"")}"
Developers,src/app/(dashboard)/developers/api-keys/page.tsx,139,breadcrumb.home,"<Link href=""/"">{t(""breadcrumb.home"")}</Link>"
Developers,src/app/(dashboard)/developers/api-keys/page.tsx,144,breadcrumb.developers,"<BreadcrumbPage>{t(""breadcrumb.developers"")}</BreadcrumbPage>"
Developers,src/app/(dashboard)/developers/api-keys/page.tsx,148,api_keys.title,"<BreadcrumbPage>{t(""api_keys.title"")}</BreadcrumbPage>"
Developers,src/app/(dashboard)/developers/api-keys/page.tsx,155,api_keys.title,"<h2 className=""text-2xl font-bold"">{t(""api_keys.title"")}</h2>"
Developers,src/app/(dashboard)/developers/api-keys/page.tsx,157,api_keys.description,"{t(""api_keys.description"")}"
Developers,src/app/(dashboard)/developers/api-keys/page.tsx,182,api_keys.title,"{t(""api_keys.title"")}"
Developers,src/app/(dashboard)/developers/api-keys/page.tsx,188,api_keys.version,"<h2 className=""text-lg font-semibold"">{t(""api_keys.version"")}</h2>"
Developers,src/app/(dashboard)/developers/api-keys/page.tsx,204,api_keys.secret_keys,"<h2 className=""text-lg font-semibold"">{t(""api_keys.secret_keys"")}</h2>"
Developers,src/app/(dashboard)/developers/api-keys/page.tsx,286,api_keys.publishable_keys,"<h2 className=""text-lg font-semibold"">{t(""api_keys.publishable_keys"")}</h2>"
Developers,src/app/(dashboard)/developers/events-&-logs/page.tsx,39,breadcrumb.home,"<Link href=""/"">{t(""breadcrumb.home"")}</Link>"
Developers,src/app/(dashboard)/developers/events-&-logs/page.tsx,44,breadcrumb.developers,"<BreadcrumbPage>{t(""breadcrumb.developers"")}</BreadcrumbPage>"
Developers,src/app/(dashboard)/developers/events-&-logs/page.tsx,48,logs.title,"<BreadcrumbPage>{t(""logs.title"")}</BreadcrumbPage>"
Developers,src/app/(dashboard)/developers/events-&-logs/page.tsx,54,logs.title,"<h2 className=""text-2xl font-bold"">{t(""logs.title"")}</h2>"
Developers,src/app/(dashboard)/developers/events-&-logs/page.tsx,56,logs.description,"{t(""logs.description"")}"
Developers,src/app/(dashboard)/developers/hooks/page.tsx,274,breadcrumb.home,"<Link href=""/"">{t(""breadcrumb.home"")}</Link>"
Developers,src/app/(dashboard)/developers/hooks/page.tsx,279,breadcrumb.developers,"<BreadcrumbPage>{t(""breadcrumb.developers"")}</BreadcrumbPage>"
Developers,src/app/(dashboard)/developers/hooks/page.tsx,283,hooks.title,"<BreadcrumbPage>{t(""hooks.title"")}</BreadcrumbPage>"
Developers,src/app/(dashboard)/developers/hooks/page.tsx,290,hooks.title,"<h2 className=""text-2xl font-bold"">{t(""hooks.title"")}</h2>"
Developers,src/app/(dashboard)/developers/hooks/page.tsx,292,hooks.description,"{t(""hooks.description"")}"
Developers,src/app/(dashboard)/developers/hooks/page.tsx,299,hooks.system_title,"<AlertTitle>{t(""hooks.system_title"")}</AlertTitle>"
Developers,src/app/(dashboard)/developers/hooks/page.tsx,301,hooks.system_description,"{t(""hooks.system_description"")}"
Developers,src/app/(dashboard)/developers/hooks/page.tsx,307,hooks.loading,"<div className=""mt-6 text-center text-sm text-muted-foreground"">{t(""hooks.loading"")}</div>"
Developers,src/app/(dashboard)/developers/hooks/page.tsx,311,hooks.available,"<CardTitle>{t(""hooks.available"")}</CardTitle>"
Developers,src/app/(dashboard)/developers/hooks/page.tsx,313,hooks.on,"{filteredHooks.length} {t(""hooks.on"")} {hooks.length} hook{hooks.length > 1 ? ""s"" : """"} {t(""hooks.di"
Developers,src/app/(dashboard)/developers/hooks/page.tsx,313,hooks.displayed,"{filteredHooks.length} {t(""hooks.on"")} {hooks.length} hook{hooks.length > 1 ? ""s"" : """"} {t(""hooks.di"
Developers,src/app/(dashboard)/developers/hooks/page.tsx,322,hooks.search,"placeholder={t(""hooks.search"")}"
Developers,src/app/(dashboard)/developers/overview/components/recent-activity.tsx,45, ,".split("" "")"
Developers,src/app/(dashboard)/developers/overview/page.tsx,46,breadcrumb.developers,"<BreadcrumbPage>{t(""breadcrumb.developers"")}</BreadcrumbPage>"
Developers,src/app/(dashboard)/developers/overview/page.tsx,50,overview.breadcrumb,"<BreadcrumbPage>{t(""overview.breadcrumb"")}</BreadcrumbPage>"
Developers,src/app/(dashboard)/developers/overview/page.tsx,57,overview.title,"<h2 className=""text-2xl font-bold"">{t(""overview.title"")}</h2>"
Developers,src/app/(dashboard)/developers/overview/page.tsx,59,overview.description,"{t(""overview.description"")}"
Developers,src/app/(dashboard)/developers/webhooks/[id]/page.tsx,52,breadcrumb.developers,"<Link href=""/developers/overview"">{t(""breadcrumb.developers"")}</Link>"
Developers,src/app/(dashboard)/developers/webhooks/[id]/page.tsx,58,webhooks.breadcrumb,"<Link href=""/developers/webhooks"">{t(""webhooks.breadcrumb"")}</Link>"
Developers,src/app/(dashboard)/developers/webhooks/[id]/page.tsx,70,webhooks.detail.title,"<h2 className=""text-2xl font-bold"">{t(""webhooks.detail.title"")}</h2>"
Developers,src/app/(dashboard)/developers/webhooks/page.tsx,78,breadcrumb.home,"<Link href=""/"">{t(""breadcrumb.home"")}</Link>"
Developers,src/app/(dashboard)/developers/webhooks/page.tsx,83,breadcrumb.developers,"<BreadcrumbPage>{t(""breadcrumb.developers"")}</BreadcrumbPage>"
Developers,src/app/(dashboard)/developers/webhooks/page.tsx,87,webhooks.title,"<BreadcrumbPage>{t(""webhooks.title"")}</BreadcrumbPage>"
Developers,src/app/(dashboard)/developers/webhooks/page.tsx,94,webhooks.title,"<h2 className=""text-2xl font-bold"">{t(""webhooks.title"")}</h2>"
Developers,src/app/(dashboard)/developers/webhooks/page.tsx,96,webhooks.description,"{t(""webhooks.description"")}"
Developers,src/app/(dashboard)/developers/webhooks/page.tsx,104,webhooks.loading,"<div className=""mt-6 text-center text-sm text-muted-foreground"">{t(""webhooks.loading"")}</div>"
Developers,src/app/(dashboard)/developers/webhooks/page.tsx,110,webhooks.empty_title,"<h2 className=""text-lg font-semibold"">{t(""webhooks.empty_title"")}</h2>"
Developers,src/app/(dashboard)/developers/webhooks/page.tsx,112,webhooks.empty_description,"{t(""webhooks.empty_description"")}"
Other,src/app/(dashboard)/layout.tsx,13,sidebar_state,"const defaultClose = cookieStore.get(""sidebar_state"")?.value === ""false"""
Settings,src/app/(dashboard)/settings/billing/page.tsx,11,billing.title,"<ContentSection title={t(""billing.title"")} desc={t(""billing.description"")}>"
Settings,src/app/(dashboard)/settings/billing/page.tsx,11,billing.description,"<ContentSection title={t(""billing.title"")} desc={t(""billing.description"")}>"
Settings,src/app/(dashboard)/settings/cache/page.tsx,99,page.title,"title={t(""page.title"")}"
Settings,src/app/(dashboard)/settings/cache/page.tsx,100,page.description,"desc={t(""page.description"")}"
Settings,src/app/(dashboard)/settings/cache/page.tsx,115,page.title,"title={t(""page.title"")}"
Settings,src/app/(dashboard)/settings/cache/page.tsx,116,page.description,"desc={t(""page.description"")}"
Settings,src/app/(dashboard)/settings/cache/page.tsx,126,status.label,"<span className=""font-medium"">{t(""status.label"")}</span>"
Settings,src/app/(dashboard)/settings/cache/page.tsx,130,status.connected,"{t(""status.connected"")}"
Settings,src/app/(dashboard)/settings/cache/page.tsx,135,status.disconnected,"{t(""status.disconnected"")}"
Settings,src/app/(dashboard)/settings/cache/page.tsx,140,status.backend,"{t(""status.backend"")}: {health?.backend || 'N/A'}"
Settings,src/app/(dashboard)/settings/cache/page.tsx,152,actions.refresh,"{t(""actions.refresh"")}"
Settings,src/app/(dashboard)/settings/cache/page.tsx,161,actions.clear_cache,"{t(""actions.clear_cache"")}"
Settings,src/app/(dashboard)/settings/cache/page.tsx,171,stats.hits,"<CardTitle className=""text-sm font-medium"">{t(""stats.hits"")}</CardTitle>"
Settings,src/app/(dashboard)/settings/cache/page.tsx,177,stats.hits_description,"{t(""stats.hits_description"")}"
Settings,src/app/(dashboard)/settings/cache/page.tsx,185,stats.misses,"<CardTitle className=""text-sm font-medium"">{t(""stats.misses"")}</CardTitle>"
Settings,src/app/(dashboard)/settings/cache/page.tsx,191,stats.misses_description,"{t(""stats.misses_description"")}"
Settings,src/app/(dashboard)/settings/cache/page.tsx,199,stats.hit_rate,"<CardTitle className=""text-sm font-medium"">{t(""stats.hit_rate"")}</CardTitle>"
Settings,src/app/(dashboard)/settings/cache/page.tsx,205,stats.hit_rate_description,"{t(""stats.hit_rate_description"")}"
Settings,src/app/(dashboard)/settings/cache/page.tsx,213,stats.total_requests,"<CardTitle className=""text-sm font-medium"">{t(""stats.total_requests"")}</CardTitle>"
Settings,src/app/(dashboard)/settings/cache/page.tsx,219,stats.total_requests_description,"{t(""stats.total_requests_description"")}"
Settings,src/app/(dashboard)/settings/cache/page.tsx,228,operations.title,"<CardTitle>{t(""operations.title"")}</CardTitle>"
Settings,src/app/(dashboard)/settings/cache/page.tsx,230,operations.description,"{t(""operations.description"")}"
Settings,src/app/(dashboard)/settings/cache/page.tsx,236,operations.sets,"<div className=""text-sm font-medium text-muted-foreground"">{t(""operations.sets"")}</div>"
Settings,src/app/(dashboard)/settings/cache/page.tsx,240,operations.deletes,"<div className=""text-sm font-medium text-muted-foreground"">{t(""operations.deletes"")}</div>"
Settings,src/app/(dashboard)/settings/cache/page.tsx,244,operations.redis_hits,"<div className=""text-sm font-medium text-muted-foreground"">{t(""operations.redis_hits"")}</div>"
Settings,src/app/(dashboard)/settings/cache/page.tsx,254,recommendations.title,"<CardTitle>{t(""recommendations.title"")}</CardTitle>"
Settings,src/app/(dashboard)/settings/cache/page.tsx,262,recommendations.low_hit_rate,"<p className=""font-medium"">{t(""recommendations.low_hit_rate"")}</p>"
Settings,src/app/(dashboard)/settings/cache/page.tsx,264,recommendations.low_hit_rate_description,"{t(""recommendations.low_hit_rate_description"")}"
Settings,src/app/(dashboard)/settings/cache/page.tsx,273,recommendations.excellent_performance,"<p className=""font-medium"">{t(""recommendations.excellent_performance"")}</p>"
Settings,src/app/(dashboard)/settings/cache/page.tsx,275,recommendations.excellent_performance_description,"{t(""recommendations.excellent_performance_description"")}"
Settings,src/app/(dashboard)/settings/cache/page.tsx,289,dialog.clear.title,"<AlertDialogTitle>{t(""dialog.clear.title"")}</AlertDialogTitle>"
Settings,src/app/(dashboard)/settings/cache/page.tsx,291,dialog.clear.description,"{t(""dialog.clear.description"")}"
Settings,src/app/(dashboard)/settings/cache/page.tsx,295,dialog.clear.cancel,"<AlertDialogCancel>{t(""dialog.clear.cancel"")}</AlertDialogCancel>"
Settings,src/app/(dashboard)/settings/cache/page.tsx,301,dialog.clear.confirming,"{clearing ? t(""dialog.clear.confirming"") : t(""dialog.clear.confirm"")}"
Settings,src/app/(dashboard)/settings/cache/page.tsx,301,dialog.clear.confirm,"{clearing ? t(""dialog.clear.confirming"") : t(""dialog.clear.confirm"")}"
Settings,src/app/(dashboard)/settings/connected-apps/page.tsx,12,connected_apps.title,"title={t(""connected_apps.title"")}"
Settings,src/app/(dashboard)/settings/connected-apps/page.tsx,13,connected_apps.description,"desc={t(""connected_apps.description"")}"
Settings,src/app/(dashboard)/settings/emailing/components/email-template-dialog.tsx,160,",","? values.available_variables.split("","").map((v) => v.trim()).filter(Boolean)"
Settings,src/app/(dashboard)/settings/emailing/components/email-template-dialog.tsx,200,",","const variables = form.watch(""available_variables"")?.split("","").map(v => v.trim()).filter(Boolean) |"
Settings,src/app/(dashboard)/settings/metrics/page.tsx,187,metrics.title,"title={t(""metrics.title"")}"
Settings,src/app/(dashboard)/settings/metrics/page.tsx,188,metrics.description,"desc={t(""metrics.description"")}"
Settings,src/app/(dashboard)/settings/metrics/page.tsx,205,metrics.title,"title={t(""metrics.title"")}"
Settings,src/app/(dashboard)/settings/metrics/page.tsx,206,metrics.description,"desc={t(""metrics.description"")}"
Settings,src/app/(dashboard)/settings/modules/page.tsx,406,modules.title,"title={t(""modules.title"")}"
Settings,src/app/(dashboard)/settings/modules/page.tsx,407,modules.description,"desc={t(""modules.description"")}"
Settings,src/app/(dashboard)/settings/modules/page.tsx,419,modules.title,"title={t(""modules.title"")}"
Settings,src/app/(dashboard)/settings/modules/page.tsx,420,modules.description,"desc={t(""modules.description"")}"
Settings,src/app/(dashboard)/settings/notifications/page.tsx,12,notifications.title,"title={t(""notifications.title"")}"
Settings,src/app/(dashboard)/settings/notifications/page.tsx,13,notifications.description,"desc={t(""notifications.description"")}"
Settings,src/app/(dashboard)/settings/page.tsx,12,general.title,"title={t(""general.title"")}"
Settings,src/app/(dashboard)/settings/page.tsx,13,general.description,"desc={t(""general.description"")}"
Settings,src/app/(dashboard)/settings/plans/page.tsx,12,plans.title,"title={t(""plans.title"")}"
Settings,src/app/(dashboard)/settings/plans/page.tsx,13,plans.description,"desc={t(""plans.description"")}"
Settings,src/app/(dashboard)/settings/profile/components/user-api-key-card.tsx,164,api_key.title,"<CardTitle>{t(""api_key.title"")}</CardTitle>"
Settings,src/app/(dashboard)/settings/profile/components/user-api-key-card.tsx,166,api_key.description,"<CardDescription>{t(""api_key.description"")}</CardDescription>"
Settings,src/app/(dashboard)/settings/profile/components/user-api-key-card.tsx,169,message.loading,"<p className=""text-sm text-muted-foreground"">{t(""message.loading"")}</p>"
Settings,src/app/(dashboard)/settings/profile/components/user-api-key-card.tsx,181,api_key.title,"<CardTitle>{t(""api_key.title"")}</CardTitle>"
Settings,src/app/(dashboard)/settings/profile/components/user-api-key-card.tsx,183,api_key.description,"<CardDescription>{t(""api_key.description"")}</CardDescription>"
Settings,src/app/(dashboard)/settings/profile/components/user-api-key-card.tsx,188,api_key.no_key,"<p className=""text-sm text-muted-foreground"">{t(""api_key.no_key"")}</p>"
Settings,src/app/(dashboard)/settings/profile/components/user-api-key-card.tsx,190,message.loading,"{isGenerating ? t(""message.loading"") : t(""api_key.generate"")}"
Settings,src/app/(dashboard)/settings/profile/components/user-api-key-card.tsx,190,api_key.generate,"{isGenerating ? t(""message.loading"") : t(""api_key.generate"")}"
Settings,src/app/(dashboard)/settings/profile/components/user-api-key-card.tsx,202,api_key.copy,"title={t(""api_key.copy"")}"
Settings,src/app/(dashboard)/settings/profile/components/user-api-key-card.tsx,218,api_key.created_at,"<span>{t(""api_key.created_at"")} :</span>"
Settings,src/app/(dashboard)/settings/profile/components/user-api-key-card.tsx,223,api_key.last_used,"<span>{t(""api_key.last_used"")} :</span>"
Settings,src/app/(dashboard)/settings/profile/components/user-api-key-card.tsx,228,api_key.last_used,"<span>{t(""api_key.last_used"")} :</span>"
Settings,src/app/(dashboard)/settings/profile/components/user-api-key-card.tsx,229,api_key.never_used,"<span className=""font-medium text-muted-foreground"">{t(""api_key.never_used"")}</span>"
Settings,src/app/(dashboard)/settings/profile/components/user-api-key-card.tsx,236,api_key.usage_instructions,"<p className=""text-sm font-medium"">{t(""api_key.usage_instructions"")}</p>"
Settings,src/app/(dashboard)/settings/profile/components/user-api-key-card.tsx,250,api_key.regenerate,"{t(""api_key.regenerate"")}"
Settings,src/app/(dashboard)/settings/profile/components/user-api-key-card.tsx,257,api_key.revoke,"{t(""api_key.revoke"")}"
Settings,src/app/(dashboard)/settings/profile/components/user-api-key-card.tsx,269,api_key.title,"<DialogTitle>{t(""api_key.title"")}</DialogTitle>"
Settings,src/app/(dashboard)/settings/profile/components/user-api-key-card.tsx,274,api_key.warning_title,"<p className=""font-semibold"">{t(""api_key.warning_title"")}</p>"
Settings,src/app/(dashboard)/settings/profile/components/user-api-key-card.tsx,275,api_key.warning_message,"<p>{t(""api_key.warning_message"")}</p>"
Settings,src/app/(dashboard)/settings/profile/components/user-api-key-card.tsx,296,api_key.usage_instructions,"<p className=""text-sm font-medium"">{t(""api_key.usage_instructions"")}</p>"
Settings,src/app/(dashboard)/settings/profile/components/user-api-key-card.tsx,304,button.close,"{t(""button.close"")}"
Settings,src/app/(dashboard)/settings/profile/components/user-api-key-card.tsx,314,api_key.regenerate,"<AlertDialogTitle>{t(""api_key.regenerate"")}</AlertDialogTitle>"
Settings,src/app/(dashboard)/settings/profile/components/user-api-key-card.tsx,316,api_key.confirm_regenerate,"{t(""api_key.confirm_regenerate"")}"
Settings,src/app/(dashboard)/settings/profile/components/user-api-key-card.tsx,320,button.cancel,"<AlertDialogCancel>{t(""button.cancel"")}</AlertDialogCancel>"
Settings,src/app/(dashboard)/settings/profile/components/user-api-key-card.tsx,322,message.loading,"{isGenerating ? t(""message.loading"") : t(""button.confirm"")}"
Settings,src/app/(dashboard)/settings/profile/components/user-api-key-card.tsx,322,button.confirm,"{isGenerating ? t(""message.loading"") : t(""button.confirm"")}"
Settings,src/app/(dashboard)/settings/profile/components/user-api-key-card.tsx,332,api_key.revoke,"<AlertDialogTitle>{t(""api_key.revoke"")}</AlertDialogTitle>"
Settings,src/app/(dashboard)/settings/profile/components/user-api-key-card.tsx,334,api_key.confirm_revoke,"{t(""api_key.confirm_revoke"")}"
Settings,src/app/(dashboard)/settings/profile/components/user-api-key-card.tsx,338,button.cancel,"<AlertDialogCancel>{t(""button.cancel"")}</AlertDialogCancel>"
Settings,src/app/(dashboard)/settings/profile/components/user-api-key-card.tsx,340,button.confirm,"{t(""button.confirm"")}"
Settings,src/app/(dashboard)/settings/profile/informations-tab.tsx,89,role_group.title,"<CardTitle>{t(""role_group.title"")}</CardTitle>"
Settings,src/app/(dashboard)/settings/profile/informations-tab.tsx,92,role_group.description,"{t(""role_group.description"")}"
Settings,src/app/(dashboard)/settings/profile/informations-tab.tsx,118,role_group.role_label,"<p className=""text-sm font-medium"">{t(""role_group.role_label"")}</p>"
Settings,src/app/(dashboard)/settings/profile/informations-tab.tsx,120,role_group.role_desc,"{t(""role_group.role_desc"")}"
Settings,src/app/(dashboard)/settings/profile/informations-tab.tsx,142,role_group.group_label,"<p className=""text-sm font-medium"">{t(""role_group.group_label"")}</p>"
Settings,src/app/(dashboard)/settings/profile/informations-tab.tsx,144,role_group.group_desc,"{t(""role_group.group_desc"")}"
Settings,src/app/(dashboard)/settings/profile/informations-tab.tsx,172,permissions.title,"<CardTitle>{t(""permissions.title"")}</CardTitle>"
Settings,src/app/(dashboard)/settings/profile/informations-tab.tsx,175,permissions.description,"{t(""permissions.description"")}"
Settings,src/app/(dashboard)/settings/profile/page.tsx,15,tab,"const tab = searchParams.get(""tab"") || ""profile"""
Settings,src/app/(dashboard)/settings/profile/page.tsx,22,tabs.profile,"<span className=""hidden sm:inline"">{t(""tabs.profile"")}</span>"
Settings,src/app/(dashboard)/settings/profile/page.tsx,26,tabs.preferences,"<span className=""hidden sm:inline"">{t(""tabs.preferences"")}</span>"
Settings,src/app/(dashboard)/settings/profile/page.tsx,30,tabs.informations,"<span className=""hidden sm:inline"">{t(""tabs.informations"")}</span>"
Settings,src/app/(dashboard)/settings/profile/preferences-tab.tsx,377,a,"const a = document.createElement(""a"")"
Settings,src/app/(dashboard)/settings/profile/preferences-tab.tsx,451,items.dark_mode.light,"<SelectItem value=""light"">{t(""items.dark_mode.light"")}</SelectItem>"
Settings,src/app/(dashboard)/settings/profile/preferences-tab.tsx,452,items.dark_mode.dark,"<SelectItem value=""dark"">{t(""items.dark_mode.dark"")}</SelectItem>"
Settings,src/app/(dashboard)/settings/profile/preferences-tab.tsx,453,items.dark_mode.system,"<SelectItem value=""system"">{t(""items.dark_mode.system"")}</SelectItem>"
Settings,src/app/(dashboard)/settings/profile/preferences-tab.tsx,470,items.sidebar_collapsed.enabled,"{(value as boolean) ? t(""items.sidebar_collapsed.enabled"") : t(""items.sidebar_collapsed.disabled"")}"
Settings,src/app/(dashboard)/settings/profile/preferences-tab.tsx,470,items.sidebar_collapsed.disabled,"{(value as boolean) ? t(""items.sidebar_collapsed.enabled"") : t(""items.sidebar_collapsed.disabled"")}"
Settings,src/app/(dashboard)/settings/profile/preferences-tab.tsx,486,items.sidebar_variant.inset,"<SelectItem value=""inset"">{t(""items.sidebar_variant.inset"")}</SelectItem>"
Settings,src/app/(dashboard)/settings/profile/preferences-tab.tsx,487,items.sidebar_variant.floating,"<SelectItem value=""floating"">{t(""items.sidebar_variant.floating"")}</SelectItem>"
Settings,src/app/(dashboard)/settings/profile/preferences-tab.tsx,503,items.font_size.small,"<SelectItem value=""small"">{t(""items.font_size.small"")}</SelectItem>"
Settings,src/app/(dashboard)/settings/profile/preferences-tab.tsx,504,items.font_size.normal,"<SelectItem value=""normal"">{t(""items.font_size.normal"")}</SelectItem>"
Settings,src/app/(dashboard)/settings/profile/preferences-tab.tsx,505,items.font_size.large,"<SelectItem value=""large"">{t(""items.font_size.large"")}</SelectItem>"
Settings,src/app/(dashboard)/settings/profile/preferences-tab.tsx,576,items.time_format.12h,"<SelectItem value=""12h"">{t(""items.time_format.12h"")}</SelectItem>"
Settings,src/app/(dashboard)/settings/profile/preferences-tab.tsx,577,items.time_format.24h,"<SelectItem value=""24h"">{t(""items.time_format.24h"")}</SelectItem>"
Settings,src/app/(dashboard)/settings/profile/preferences-tab.tsx,595,items.sidebar_collapsed.enabled,"{(value as boolean) ? t(""items.sidebar_collapsed.enabled"") : t(""items.sidebar_collapsed.disabled"")}"
Settings,src/app/(dashboard)/settings/profile/preferences-tab.tsx,595,items.sidebar_collapsed.disabled,"{(value as boolean) ? t(""items.sidebar_collapsed.enabled"") : t(""items.sidebar_collapsed.disabled"")}"
Settings,src/app/(dashboard)/settings/profile/preferences-tab.tsx,612,items.sidebar_collapsed.enabled,"{(value as boolean) ? t(""items.sidebar_collapsed.enabled"") : t(""items.sidebar_collapsed.disabled"")}"
Settings,src/app/(dashboard)/settings/profile/preferences-tab.tsx,612,items.sidebar_collapsed.disabled,"{(value as boolean) ? t(""items.sidebar_collapsed.enabled"") : t(""items.sidebar_collapsed.disabled"")}"
Settings,src/app/(dashboard)/settings/profile/preferences-tab.tsx,629,items.sidebar_collapsed.enabled,"{(value as boolean) ? t(""items.sidebar_collapsed.enabled"") : t(""items.sidebar_collapsed.disabled"")}"
Settings,src/app/(dashboard)/settings/profile/preferences-tab.tsx,629,items.sidebar_collapsed.disabled,"{(value as boolean) ? t(""items.sidebar_collapsed.enabled"") : t(""items.sidebar_collapsed.disabled"")}"
Settings,src/app/(dashboard)/settings/profile/preferences-tab.tsx,699,table.category,"{t(""table.category"")}"
Settings,src/app/(dashboard)/settings/profile/preferences-tab.tsx,713,table.filter_tooltip,"title={isFiltered ? t(""table.filter_tooltip"") : t(""table.filter_by"", { category: row.original.catego"
Settings,src/app/(dashboard)/settings/profile/preferences-tab.tsx,733,table.preference,"{t(""table.preference"")}"
Settings,src/app/(dashboard)/settings/profile/preferences-tab.tsx,749,table.modified,"{t(""table.modified"")}"
Settings,src/app/(dashboard)/settings/profile/preferences-tab.tsx,767,table.description,"{t(""table.description"")}"
Settings,src/app/(dashboard)/settings/profile/preferences-tab.tsx,815,2fa.title,"{t(""2fa.title"")}"
Settings,src/app/(dashboard)/settings/profile/preferences-tab.tsx,818,2fa.description,"{t(""2fa.description"")}"
Settings,src/app/(dashboard)/settings/profile/preferences-tab.tsx,824,2fa.enabled_badge,"{t(""2fa.enabled_badge"")}"
Settings,src/app/(dashboard)/settings/profile/preferences-tab.tsx,831,2fa.loading,"<div className=""text-sm text-muted-foreground"">{t(""2fa.loading"")}</div>"
Settings,src/app/(dashboard)/settings/profile/preferences-tab.tsx,836,2fa.status,"<Label>{t(""2fa.status"")}</Label>"
Settings,src/app/(dashboard)/settings/profile/preferences-tab.tsx,839,2fa.enabled,"? t(""2fa.enabled"")"
Settings,src/app/(dashboard)/settings/profile/preferences-tab.tsx,840,2fa.disabled,": t(""2fa.disabled"")"
Settings,src/app/(dashboard)/settings/profile/preferences-tab.tsx,863,2fa.primary_method,"{t(""2fa.primary_method"")}"
Settings,src/app/(dashboard)/settings/profile/preferences-tab.tsx,867,2fa.method_totp,"? t(""2fa.method_totp"")"
Settings,src/app/(dashboard)/settings/profile/preferences-tab.tsx,868,2fa.method_sms,": t(""2fa.method_sms"")"
Settings,src/app/(dashboard)/settings/profile/preferences-tab.tsx,878,2fa.backup_codes,"{t(""2fa.backup_codes"")}"
Settings,src/app/(dashboard)/settings/profile/preferences-tab.tsx,890,2fa.regenerate,"{t(""2fa.regenerate"")}"
Settings,src/app/(dashboard)/settings/profile/preferences-tab.tsx,914,search,"placeholder={t(""search"")}"
Settings,src/app/(dashboard)/settings/profile/preferences-tab.tsx,924,filter,"<SelectValue placeholder={t(""filter"")} />"
Settings,src/app/(dashboard)/settings/profile/preferences-tab.tsx,927,filter,"<SelectItem value=""all"">{t(""filter"")}</SelectItem>"
Settings,src/app/(dashboard)/settings/profile/preferences-tab.tsx,942,clear_filter,"{t(""clear_filter"")}"
Settings,src/app/(dashboard)/settings/profile/preferences-tab.tsx,997,no_results,"{t(""no_results"")}"
Settings,src/app/(dashboard)/settings/profile/preferences-tab.tsx,1031,table.filter_tooltip,"title={isFiltered ? t(""table.filter_tooltip"") : t(""table.filter_by"", { category: pref.category })}"
Settings,src/app/(dashboard)/settings/profile/preferences-tab.tsx,1045,table.modified,"{t(""table.modified"")}"
Settings,src/app/(dashboard)/settings/profile/preferences-tab.tsx,1063,no_results,"{t(""no_results"")}"
Settings,src/app/(dashboard)/settings/profile/preferences-tab.tsx,1072,2fa.setup_dialog.title,"<DialogTitle>{t(""2fa.setup_dialog.title"")}</DialogTitle>"
Settings,src/app/(dashboard)/settings/profile/preferences-tab.tsx,1074,2fa.setup_dialog.description,"{t(""2fa.setup_dialog.description"")}"
Settings,src/app/(dashboard)/settings/profile/preferences-tab.tsx,1087,2fa.setup_dialog.manual_key,"{t(""2fa.setup_dialog.manual_key"")} <strong>{totpSecret}</strong>"
Settings,src/app/(dashboard)/settings/profile/preferences-tab.tsx,1092,2fa.setup_dialog.verification_code,"<Label htmlFor=""verification-code"">{t(""2fa.setup_dialog.verification_code"")}</Label>"
Settings,src/app/(dashboard)/settings/profile/preferences-tab.tsx,1095,2fa.setup_dialog.verification_placeholder,"placeholder={t(""2fa.setup_dialog.verification_placeholder"")}"
Settings,src/app/(dashboard)/settings/profile/preferences-tab.tsx,1103,2fa.setup_dialog.verification_helper,"{t(""2fa.setup_dialog.verification_helper"")}"
Settings,src/app/(dashboard)/settings/profile/preferences-tab.tsx,1110,2fa.setup_dialog.cancel,"{t(""2fa.setup_dialog.cancel"")}"
Settings,src/app/(dashboard)/settings/profile/preferences-tab.tsx,1113,2fa.setup_dialog.activate,"{t(""2fa.setup_dialog.activate"")}"
Settings,src/app/(dashboard)/settings/profile/preferences-tab.tsx,1123,2fa.backup_dialog.title,"<DialogTitle>{t(""2fa.backup_dialog.title"")}</DialogTitle>"
Settings,src/app/(dashboard)/settings/profile/preferences-tab.tsx,1125,2fa.backup_dialog.description,"{t(""2fa.backup_dialog.description"")}"
Settings,src/app/(dashboard)/settings/profile/preferences-tab.tsx,1132,2fa.backup_dialog.warning,"{t(""2fa.backup_dialog.warning"")}"
Settings,src/app/(dashboard)/settings/profile/preferences-tab.tsx,1148,2fa.backup_dialog.download,"{t(""2fa.backup_dialog.download"")}"
Settings,src/app/(dashboard)/settings/profile/preferences-tab.tsx,1151,2fa.backup_dialog.saved,"{t(""2fa.backup_dialog.saved"")}"
Settings,src/app/(dashboard)/settings/profile/preferences-tab.tsx,1161,2fa.confirm.disable_title,"<AlertDialogTitle>{t(""2fa.confirm.disable_title"") || ""Désactiver l'authentification à deux facteurs "
Settings,src/app/(dashboard)/settings/profile/preferences-tab.tsx,1163,2fa.confirm.disable,"{t(""2fa.confirm.disable"")}"
Settings,src/app/(dashboard)/settings/profile/preferences-tab.tsx,1167,2fa.confirm.cancel,"<AlertDialogCancel>{t(""2fa.confirm.cancel"") || ""Annuler""}</AlertDialogCancel>"
Settings,src/app/(dashboard)/settings/profile/preferences-tab.tsx,1169,2fa.confirm.confirm,"{t(""2fa.confirm.confirm"") || ""Confirmer""}"
Settings,src/app/(dashboard)/settings/profile/preferences-tab.tsx,1179,2fa.confirm.regenerate_title,"<AlertDialogTitle>{t(""2fa.confirm.regenerate_title"") || ""Régénérer les codes de secours ?""}</AlertDi"
Settings,src/app/(dashboard)/settings/profile/preferences-tab.tsx,1181,2fa.confirm.regenerate,"{t(""2fa.confirm.regenerate"")}"
Settings,src/app/(dashboard)/settings/profile/preferences-tab.tsx,1185,2fa.confirm.cancel,"<AlertDialogCancel>{t(""2fa.confirm.cancel"") || ""Annuler""}</AlertDialogCancel>"
Settings,src/app/(dashboard)/settings/profile/preferences-tab.tsx,1187,2fa.confirm.confirm,"{t(""2fa.confirm.confirm"") || ""Confirmer""}"
Settings,src/app/(dashboard)/settings/profile/profile-form.tsx,64,validation.email_invalid,".email(t(""validation.email_invalid"")),"
Settings,src/app/(dashboard)/settings/profile/profile-form.tsx,67,validation.recovery_email_invalid,".email(t(""validation.recovery_email_invalid""))"
Settings,src/app/(dashboard)/settings/profile/profile-form.tsx,366,toast.error_update,"let errorMessage = t(""toast.error_update"")"
Settings,src/app/(dashboard)/settings/profile/profile-form.tsx,373,toast.error_update,"errorMessage = apiError.response?.data?.detail || apiError.detail || apiError.message || t(""toast.er"
Settings,src/app/(dashboard)/settings/profile/profile-form.tsx,387,loading,"return <div className=""space-y-4"">{t(""loading"")}</div>"
Settings,src/app/(dashboard)/settings/profile/profile-form.tsx,395,title,"<CardTitle>{t(""title"")}</CardTitle>"
Settings,src/app/(dashboard)/settings/profile/profile-form.tsx,397,description,"{t(""description"")}"
Settings,src/app/(dashboard)/settings/profile/profile-form.tsx,412,fields.avatar.label,"<FormLabel>{t(""fields.avatar.label"")}</FormLabel>"
Settings,src/app/(dashboard)/settings/profile/profile-form.tsx,424,fields.avatar.helper,"{t(""fields.avatar.helper"")}"
Settings,src/app/(dashboard)/settings/profile/profile-form.tsx,440,fields.first_name.label,"<FormLabel>{t(""fields.first_name.label"")}</FormLabel>"
Settings,src/app/(dashboard)/settings/profile/profile-form.tsx,442,fields.first_name.placeholder,"<Input placeholder={t(""fields.first_name.placeholder"")} className=""h-11"" {...field} value={field.val"
Settings,src/app/(dashboard)/settings/profile/profile-form.tsx,455,fields.last_name.label,"<FormLabel>{t(""fields.last_name.label"")}</FormLabel>"
Settings,src/app/(dashboard)/settings/profile/profile-form.tsx,457,fields.last_name.placeholder,"<Input placeholder={t(""fields.last_name.placeholder"")} className=""h-11"" {...field} value={field.valu"
Settings,src/app/(dashboard)/settings/profile/profile-form.tsx,470,fields.initials.label,"<FormLabel>{t(""fields.initials.label"")}</FormLabel>"
Settings,src/app/(dashboard)/settings/profile/profile-form.tsx,472,fields.initials.placeholder,"<Input placeholder={t(""fields.initials.placeholder"")} maxLength={10} className=""h-11"" {...field} val"
Settings,src/app/(dashboard)/settings/profile/profile-form.tsx,475,fields.initials.helper,"{t(""fields.initials.helper"")}"
Settings,src/app/(dashboard)/settings/profile/profile-form.tsx,553,fields.email.label,"<FormLabel>{t(""fields.email.label"")}</FormLabel>"
Settings,src/app/(dashboard)/settings/profile/profile-form.tsx,555,fields.email.placeholder,"<Input type=""email"" placeholder={t(""fields.email.placeholder"")} inputMode=""email"" className=""h-11 bg"
Settings,src/app/(dashboard)/settings/profile/profile-form.tsx,558,fields.email.helper,"{t(""fields.email.helper"")}"
Settings,src/app/(dashboard)/settings/profile/profile-form.tsx,571,fields.recovery_email.label,"<FormLabel>{t(""fields.recovery_email.label"")}</FormLabel>"
Settings,src/app/(dashboard)/settings/profile/profile-form.tsx,573,fields.recovery_email.placeholder,"<Input type=""email"" placeholder={t(""fields.recovery_email.placeholder"")} inputMode=""email"" className"
Settings,src/app/(dashboard)/settings/profile/profile-form.tsx,576,fields.recovery_email.helper,"{t(""fields.recovery_email.helper"")}"
Settings,src/app/(dashboard)/settings/profile/profile-form.tsx,589,fields.intranet_id.label,"<FormLabel>{t(""fields.intranet_id.label"")}</FormLabel>"
Settings,src/app/(dashboard)/settings/profile/profile-form.tsx,592,fields.intranet_id.placeholder,"<Input placeholder={t(""fields.intranet_id.placeholder"")} className=""h-11"" {...field} value={field.va"
Settings,src/app/(dashboard)/settings/profile/profile-form.tsx,603,fields.intranet_id.access,"title={t(""fields.intranet_id.access"")}"
Settings,src/app/(dashboard)/settings/profile/profile-form.tsx,610,fields.intranet_id.helper,"{t(""fields.intranet_id.helper"")}"
Settings,src/app/(dashboard)/settings/profile/profile-form.tsx,667,fields.phone_numbers.label,"<Label>{t(""fields.phone_numbers.label"")}</Label>"
Settings,src/app/(dashboard)/settings/profile/profile-form.tsx,672,fields.phone_numbers.placeholder,"placeholder={t(""fields.phone_numbers.placeholder"")}"
Settings,src/app/(dashboard)/settings/profile/profile-form.tsx,703,fields.phone_numbers.helper,"{t(""fields.phone_numbers.helper"")}"
Settings,src/app/(dashboard)/settings/profile/profile-form.tsx,712,actions.updating,"loadingText={t(""actions.updating"")}"
Settings,src/app/(dashboard)/settings/profile/profile-form.tsx,714,actions.update,"{t(""actions.update"")}"
Settings,src/app/(dashboard)/settings/profile/profile-form.tsx,726,password.title,"<CardTitle>{t(""password.title"")}</CardTitle>"
Settings,src/app/(dashboard)/settings/profile/profile-form.tsx,729,password.description,"{t(""password.description"")}"
Settings,src/app/(dashboard)/settings/profile/profile-form.tsx,735,password.current,"<Label htmlFor=""current-password"">{t(""password.current"")}</Label>"
Settings,src/app/(dashboard)/settings/profile/profile-form.tsx,743,password.current_placeholder,"placeholder={t(""password.current_placeholder"")}"
Settings,src/app/(dashboard)/settings/profile/profile-form.tsx,752,password.hide,"{showCurrentPassword ? t(""password.hide"") : t(""password.show"")}"
Settings,src/app/(dashboard)/settings/profile/profile-form.tsx,752,password.show,"{showCurrentPassword ? t(""password.hide"") : t(""password.show"")}"
Settings,src/app/(dashboard)/settings/profile/profile-form.tsx,758,password.new,"<Label htmlFor=""new-password"">{t(""password.new"")}</Label>"
Settings,src/app/(dashboard)/settings/profile/profile-form.tsx,766,password.new_placeholder,"placeholder={t(""password.new_placeholder"")}"
Settings,src/app/(dashboard)/settings/profile/profile-form.tsx,775,password.hide,"{showNewPassword ? t(""password.hide"") : t(""password.show"")}"
Settings,src/app/(dashboard)/settings/profile/profile-form.tsx,775,password.show,"{showNewPassword ? t(""password.hide"") : t(""password.show"")}"
Settings,src/app/(dashboard)/settings/profile/profile-form.tsx,781,password.confirm,"<Label htmlFor=""confirm-password"">{t(""password.confirm"")}</Label>"
Settings,src/app/(dashboard)/settings/profile/profile-form.tsx,789,password.confirm_placeholder,"placeholder={t(""password.confirm_placeholder"")}"
Settings,src/app/(dashboard)/settings/profile/profile-form.tsx,798,password.hide,"{showConfirmPassword ? t(""password.hide"") : t(""password.show"")}"
Settings,src/app/(dashboard)/settings/profile/profile-form.tsx,798,password.show,"{showConfirmPassword ? t(""password.hide"") : t(""password.show"")}"
Settings,src/app/(dashboard)/settings/profile/profile-form.tsx,804,password.mismatch,"<span>{t(""password.mismatch"")}</span>"
Settings,src/app/(dashboard)/settings/profile/profile-form.tsx,814,password.strength,"<span className=""text-muted-foreground"">{t(""password.strength"")}</span>"
Settings,src/app/(dashboard)/settings/profile/profile-form.tsx,837,password.requirements,"<p className=""text-xs text-muted-foreground mb-1"">{t(""password.requirements"")}</p>"
Settings,src/app/(dashboard)/settings/profile/profile-form.tsx,859,password.req_uppercase,"<span>{t(""password.req_uppercase"")}</span>"
Settings,src/app/(dashboard)/settings/profile/profile-form.tsx,872,password.req_lowercase,"<span>{t(""password.req_lowercase"")}</span>"
Settings,src/app/(dashboard)/settings/profile/profile-form.tsx,885,password.req_digit,"<span>{t(""password.req_digit"")}</span>"
Settings,src/app/(dashboard)/settings/profile/profile-form.tsx,898,password.req_special,"<span>{t(""password.req_special"")}</span>"
Settings,src/app/(dashboard)/settings/profile/profile-form.tsx,910,actions.changing,"loadingText={t(""actions.changing"")}"
Settings,src/app/(dashboard)/settings/profile/profile-form.tsx,920,actions.change_password,"{t(""actions.change_password"")}"
Settings,src/app/(dashboard)/settings/queue/page.tsx,60,page.title,"title={t(""page.title"")}"
Settings,src/app/(dashboard)/settings/queue/page.tsx,61,page.description,"desc={t(""page.description"")}"
Settings,src/app/(dashboard)/settings/queue/page.tsx,78,page.title,"title={t(""page.title"")}"
Settings,src/app/(dashboard)/settings/queue/page.tsx,79,page.description,"desc={t(""page.description"")}"
Settings,src/app/(dashboard)/settings/queue/page.tsx,94,actions.refresh,"{t(""actions.refresh"")}"
Settings,src/app/(dashboard)/settings/queue/page.tsx,102,stats.active_tasks,"<CardTitle className=""text-sm font-medium"">{t(""stats.active_tasks"")}</CardTitle>"
Settings,src/app/(dashboard)/settings/queue/page.tsx,106,stats.running,"<p className=""text-xs text-muted-foreground"">{t(""stats.running"")}</p>"
Settings,src/app/(dashboard)/settings/queue/page.tsx,112,stats.scheduled_tasks,"<CardTitle className=""text-sm font-medium"">{t(""stats.scheduled_tasks"")}</CardTitle>"
Settings,src/app/(dashboard)/settings/queue/page.tsx,116,stats.scheduled,"<p className=""text-xs text-muted-foreground"">{t(""stats.scheduled"")}</p>"
Settings,src/app/(dashboard)/settings/queue/page.tsx,122,stats.reserved_tasks,"<CardTitle className=""text-sm font-medium"">{t(""stats.reserved_tasks"")}</CardTitle>"
Settings,src/app/(dashboard)/settings/queue/page.tsx,126,stats.reserved,"<p className=""text-xs text-muted-foreground"">{t(""stats.reserved"")}</p>"
Settings,src/app/(dashboard)/settings/queue/page.tsx,132,workers.title,"<CardTitle className=""text-sm font-medium"">{t(""workers.title"")}</CardTitle>"
Settings,src/app/(dashboard)/settings/queue/page.tsx,136,workers.connected,"<p className=""text-xs text-muted-foreground"">{t(""workers.connected"")}</p>"
Settings,src/app/(dashboard)/settings/queue/page.tsx,144,workers.title,"<CardTitle>{t(""workers.title"")}</CardTitle>"
Settings,src/app/(dashboard)/settings/queue/page.tsx,145,workers.description,"<CardDescription>{t(""workers.description"")}</CardDescription>"
Settings,src/app/(dashboard)/settings/queue/page.tsx,151,workers.none,"<p>{t(""workers.none"")}</p>"
Settings,src/app/(dashboard)/settings/queue/page.tsx,153,workers.none_description,"{t(""workers.none_description"")}"
Settings,src/app/(dashboard)/settings/queue/page.tsx,164,workers.active,"{t(""workers.active"")}"
Settings,src/app/(dashboard)/settings/queue/page.tsx,169,workers.active_tasks,"<div className=""text-muted-foreground"">{t(""workers.active_tasks"")}</div>"
Settings,src/app/(dashboard)/settings/queue/page.tsx,173,workers.scheduled_tasks,"<div className=""text-muted-foreground"">{t(""workers.scheduled_tasks"")}</div>"
Settings,src/app/(dashboard)/settings/queue/page.tsx,177,workers.reserved_tasks,"<div className=""text-muted-foreground"">{t(""workers.reserved_tasks"")}</div>"
Settings,src/app/(dashboard)/settings/queue/page.tsx,191,queues.title,"<CardTitle>{t(""queues.title"")}</CardTitle>"
Settings,src/app/(dashboard)/settings/queue/page.tsx,192,queues.description,"<CardDescription>{t(""queues.description"")}</CardDescription>"
Settings,src/app/(dashboard)/settings/queue/page.tsx,217,info.title,"<CardTitle>{t(""info.title"")}</CardTitle>"
Settings,src/app/(dashboard)/settings/queue/page.tsx,220,info.workers_description,"<p>• {t(""info.workers_description"")}</p>"
Settings,src/app/(dashboard)/settings/queue/page.tsx,221,info.distribution_description,"<p>• {t(""info.distribution_description"")}</p>"
Settings,src/app/(dashboard)/settings/queue/page.tsx,222,info.scaling_description,"<p>• {t(""info.scaling_description"")}</p>"
Settings,src/app/(dashboard)/settings/storage/page.tsx,181,page.title,"title={t(""page.title"")}"
Settings,src/app/(dashboard)/settings/storage/page.tsx,182,page.description,"desc={t(""page.description"")}"
Settings,src/app/(dashboard)/settings/storage/page.tsx,192,actions.search,"placeholder={t(""actions.search"")}"
Settings,src/app/(dashboard)/settings/storage/page.tsx,200,actions.category,"<SelectValue placeholder={t(""actions.category"")} />"
Settings,src/app/(dashboard)/settings/storage/page.tsx,203,actions.category_all,"<SelectItem value=""all"">{t(""actions.category_all"")}</SelectItem>"
Settings,src/app/(dashboard)/settings/storage/page.tsx,204,actions.category_documents,"<SelectItem value={FileCategory.DOCUMENT}>{t(""actions.category_documents"")}</SelectItem>"
Settings,src/app/(dashboard)/settings/storage/page.tsx,205,actions.category_images,"<SelectItem value={FileCategory.IMAGE}>{t(""actions.category_images"")}</SelectItem>"
Settings,src/app/(dashboard)/settings/storage/page.tsx,206,actions.category_videos,"<SelectItem value={FileCategory.VIDEO}>{t(""actions.category_videos"")}</SelectItem>"
Settings,src/app/(dashboard)/settings/storage/page.tsx,207,actions.category_audio,"<SelectItem value={FileCategory.AUDIO}>{t(""actions.category_audio"")}</SelectItem>"
Settings,src/app/(dashboard)/settings/storage/page.tsx,208,actions.category_archives,"<SelectItem value={FileCategory.ARCHIVE}>{t(""actions.category_archives"")}</SelectItem>"
Settings,src/app/(dashboard)/settings/storage/page.tsx,216,actions.refresh,"{t(""actions.refresh"")}"
Settings,src/app/(dashboard)/settings/storage/page.tsx,220,actions.upload,"{t(""actions.upload"")}"
Settings,src/app/(dashboard)/settings/storage/page.tsx,229,stats.total_files,"<CardTitle className=""text-sm font-medium"">{t(""stats.total_files"")}</CardTitle>"
Settings,src/app/(dashboard)/settings/storage/page.tsx,237,stats.total_size,"<CardTitle className=""text-sm font-medium"">{t(""stats.total_size"")}</CardTitle>"
Settings,src/app/(dashboard)/settings/storage/page.tsx,247,stats.categories,"<CardTitle className=""text-sm font-medium"">{t(""stats.categories"")}</CardTitle>"
Settings,src/app/(dashboard)/settings/storage/page.tsx,260,files.title,"<CardTitle>{t(""files.title"")}</CardTitle>"
Settings,src/app/(dashboard)/settings/storage/page.tsx,274,files.empty,"<p>{t(""files.empty"")}</p>"
Settings,src/app/(dashboard)/settings/storage/page.tsx,334,dialog.upload.title,"<DialogTitle>{t(""dialog.upload.title"")}</DialogTitle>"
Settings,src/app/(dashboard)/settings/storage/page.tsx,336,dialog.upload.description,"{t(""dialog.upload.description"")}"
Settings,src/app/(dashboard)/settings/storage/page.tsx,346,dialog.upload.file_label,"<p>{t(""dialog.upload.file_label"")}: {selectedFile.name}</p>"
Settings,src/app/(dashboard)/settings/storage/page.tsx,347,dialog.upload.size_label,"<p>{t(""dialog.upload.size_label"")}: {formatFileSize(selectedFile.size)}</p>"
Settings,src/app/(dashboard)/settings/storage/page.tsx,360,dialog.upload.cancel,"{t(""dialog.upload.cancel"")}"
Settings,src/app/(dashboard)/settings/storage/page.tsx,363,dialog.upload.uploading,"{uploading ? t(""dialog.upload.uploading"") : t(""dialog.upload.confirm"")}"
Settings,src/app/(dashboard)/settings/storage/page.tsx,363,dialog.upload.confirm,"{uploading ? t(""dialog.upload.uploading"") : t(""dialog.upload.confirm"")}"
Settings,src/app/(dashboard)/settings/storage/page.tsx,373,dialog.delete.title,"<AlertDialogTitle>{t(""dialog.delete.title"")}</AlertDialogTitle>"
Settings,src/app/(dashboard)/settings/storage/page.tsx,379,dialog.delete.cancel,"<AlertDialogCancel>{t(""dialog.delete.cancel"")}</AlertDialogCancel>"
Settings,src/app/(dashboard)/settings/storage/page.tsx,384,dialog.delete.confirm,"{t(""dialog.delete.confirm"")}"
Tasks,src/app/(dashboard)/tasks/[id]/page.tsx,78,breadcrumb.tasks,"<Link href=""/tasks"">{t(""breadcrumb.tasks"")}</Link>"
Tasks,src/app/(dashboard)/tasks/[id]/page.tsx,125,detail.assignees,"<span className=""text-muted-foreground w-24"">{t(""detail.assignees"")}</span>"
Tasks,src/app/(dashboard)/tasks/[id]/page.tsx,136, ,".split("" "")"
Tasks,src/app/(dashboard)/tasks/[id]/page.tsx,148,detail.due_date,"<span className=""text-muted-foreground w-24"">{t(""detail.due_date"")}</span>"
Tasks,src/app/(dashboard)/tasks/[id]/page.tsx,219,detail.tabs.description,"<TabsTrigger value=""description"">{t(""detail.tabs.description"")}</TabsTrigger>"
Tasks,src/app/(dashboard)/tasks/[id]/page.tsx,220,detail.tabs.comments,"<TabsTrigger value=""comments"">{t(""detail.tabs.comments"")}</TabsTrigger>"
Tasks,src/app/(dashboard)/tasks/page.tsx,48,page.title,"<h2 className=""text-2xl font-bold tracking-tight"">{t(""page.title"")}</h2>"
Tasks,src/app/(dashboard)/tasks/page.tsx,50,page.description,"{t(""page.description"")}"
Users,src/app/(dashboard)/users/[id]/page.tsx,84,breadcrumb.users,"<Link href=""/users"">{t(""breadcrumb.users"")}</Link>"
Users,src/app/(dashboard)/users/[id]/page.tsx,89,detail.breadcrumb,"<BreadcrumbPage>{t(""detail.breadcrumb"")}</BreadcrumbPage>"
Users,src/app/(dashboard)/users/[id]/page.tsx,96,detail.title,"{t(""detail.title"")}: {`${user.firstName} ${user.lastName}`}"
Users,src/app/(dashboard)/users/[id]/page.tsx,103,detail.description,"{t(""detail.description"")}"
Users,src/app/(dashboard)/users/components/data-table-toolbar.tsx,73,filter.search,"placeholder={t(""filter.search"")}"
Users,src/app/(dashboard)/users/components/data-table-toolbar.tsx,84,field.status,"title={t(""field.status"")}"
Users,src/app/(dashboard)/users/components/data-table-toolbar.tsx,96,field.role,"title={t(""field.role"")}"
Users,src/app/(dashboard)/users/components/data-table-toolbar.tsx,107,filter.reset,"{t(""filter.reset"")}"
Users,src/app/(dashboard)/users/components/users-action-dialog.tsx,61,validation.first_name_required,"firstName: z.string().min(1, { message: t(""validation.first_name_required"") }),"
Users,src/app/(dashboard)/users/components/users-action-dialog.tsx,62,validation.last_name_required,"lastName: z.string().min(1, { message: t(""validation.last_name_required"") }),"
Users,src/app/(dashboard)/users/components/users-action-dialog.tsx,63,validation.phone_required,"phoneNumber: z.string().min(1, { message: t(""validation.phone_required"") }),"
Users,src/app/(dashboard)/users/components/users-action-dialog.tsx,66,validation.email_required,".min(1, { message: t(""validation.email_required"") })"
Users,src/app/(dashboard)/users/components/users-action-dialog.tsx,67,validation.email_invalid,".email({ message: t(""validation.email_invalid"") }),"
Users,src/app/(dashboard)/users/components/users-action-dialog.tsx,69,validation.role_required,"role_id: z.string().min(1, { message: t(""validation.role_required"") }),"
Users,src/app/(dashboard)/users/components/users-action-dialog.tsx,271,create_dialog.title_edit,"{isEdit ? t(""create_dialog.title_edit"") : t(""create_dialog.title_create"")}"
Users,src/app/(dashboard)/users/components/users-action-dialog.tsx,271,create_dialog.title_create,"{isEdit ? t(""create_dialog.title_edit"") : t(""create_dialog.title_create"")}"
Users,src/app/(dashboard)/users/components/users-action-dialog.tsx,274,create_dialog.description_edit,"{isEdit ? t(""create_dialog.description_edit"") : t(""create_dialog.description_create"")}"
Users,src/app/(dashboard)/users/components/users-action-dialog.tsx,274,create_dialog.description_create,"{isEdit ? t(""create_dialog.description_edit"") : t(""create_dialog.description_create"")}"
Users,src/app/(dashboard)/users/components/users-action-dialog.tsx,300,fields.first_name.label,"<FormLabel>{t(""fields.first_name.label"")}</FormLabel>"
Users,src/app/(dashboard)/users/components/users-action-dialog.tsx,303,fields.first_name.placeholder,"placeholder={t(""fields.first_name.placeholder"")}"
Users,src/app/(dashboard)/users/components/users-action-dialog.tsx,318,fields.last_name.label,"<FormLabel>{t(""fields.last_name.label"")}</FormLabel>"
Users,src/app/(dashboard)/users/components/users-action-dialog.tsx,321,fields.last_name.placeholder,"placeholder={t(""fields.last_name.placeholder"")}"
Users,src/app/(dashboard)/users/components/users-action-dialog.tsx,338,fields.email.label,"<FormLabel>{t(""fields.email.label"")}</FormLabel>"
Users,src/app/(dashboard)/users/components/users-action-dialog.tsx,342,fields.email.placeholder,"placeholder={t(""fields.email.placeholder"")}"
Users,src/app/(dashboard)/users/components/users-action-dialog.tsx,362,fields.phone_number.label,"<FormLabel>{t(""fields.phone_number.label"")}</FormLabel>"
Users,src/app/(dashboard)/users/components/users-action-dialog.tsx,366,fields.phone_number.placeholder,"placeholder={t(""fields.phone_number.placeholder"")}"
Users,src/app/(dashboard)/users/components/users-action-dialog.tsx,399,fields.role.label,"<FormLabel>{t(""fields.role.label"")}</FormLabel>"
Users,src/app/(dashboard)/users/components/users-action-dialog.tsx,403,fields.role.placeholder,"placeholder={t(""fields.role.placeholder"")}"
Users,src/app/(dashboard)/users/components/users-action-dialog.tsx,420,fields.password.label,"<FormLabel>{t(""fields.password.label"")}</FormLabel>"
Users,src/app/(dashboard)/users/components/users-action-dialog.tsx,423,fields.password.placeholder,"placeholder={t(""fields.password.placeholder"")}"
Users,src/app/(dashboard)/users/components/users-action-dialog.tsx,475,fields.confirm_password.label,"<FormLabel>{t(""fields.confirm_password.label"")}</FormLabel>"
Users,src/app/(dashboard)/users/components/users-action-dialog.tsx,479,fields.confirm_password.placeholder,"placeholder={t(""fields.confirm_password.placeholder"")}"
Users,src/app/(dashboard)/users/components/users-action-dialog.tsx,542,create_dialog.saving,"{isSubmitting ? t(""create_dialog.saving"") : t(""create_dialog.save_changes"")}"
Users,src/app/(dashboard)/users/components/users-action-dialog.tsx,542,create_dialog.save_changes,"{isSubmitting ? t(""create_dialog.saving"") : t(""create_dialog.save_changes"")}"
Users,src/app/(dashboard)/users/components/users-columns.tsx,51,field.full_name,"<DataTableColumnHeader column={column} title={t(""field.full_name"")} />"
Users,src/app/(dashboard)/users/components/users-columns.tsx,69,field.email,"<DataTableColumnHeader column={column} title={t(""field.email"")} />"
Users,src/app/(dashboard)/users/components/users-columns.tsx,78,field.phone,"<DataTableColumnHeader column={column} title={t(""field.phone"")} />"
Users,src/app/(dashboard)/users/components/users-columns.tsx,86,field.created_at,"<DataTableColumnHeader column={column} title={t(""field.created_at"")} />"
Users,src/app/(dashboard)/users/components/users-columns.tsx,98,field.last_login,"<DataTableColumnHeader column={column} title={t(""field.last_login"")} />"
Users,src/app/(dashboard)/users/components/users-columns.tsx,110,field.status,"<DataTableColumnHeader column={column} title={t(""field.status"")} />"
Users,src/app/(dashboard)/users/components/users-columns.tsx,130,field.role,"<DataTableColumnHeader column={column} title={t(""field.role"")} />"
Users,src/app/(dashboard)/users/components/users-columns.tsx,156,field.roles,"<DataTableColumnHeader column={column} title={t(""field.roles"")} />"
Users,src/app/(dashboard)/users/components/users-columns.tsx,162,detail.no_roles,"return <span className=""text-xs text-muted-foreground"">{t(""detail.no_roles"")}</span>"
Users,src/app/(dashboard)/users/components/users-columns.tsx,207,field.roles,"<h4 className=""text-sm font-semibold"">{t(""field.roles"")}</h4>"
Users,src/app/(dashboard)/users/components/users-columns.tsx,227,field.groups,"<DataTableColumnHeader column={column} title={t(""field.groups"")} />"
Users,src/app/(dashboard)/users/components/users-columns.tsx,233,detail.no_groups,"return <span className=""text-xs text-muted-foreground"">{t(""detail.no_groups"")}</span>"
Users,src/app/(dashboard)/users/components/users-columns.tsx,278,field.groups,"<h4 className=""text-sm font-semibold"">{t(""field.groups"")}</h4>"
Users,src/app/(dashboard)/users/components/users-invite-dialog.tsx,54,validation.email_required,".min(1, { message: t(""validation.email_required"") })"
Users,src/app/(dashboard)/users/components/users-invite-dialog.tsx,55,validation.email_invalid,".email({ message: t(""validation.email_invalid"") }),"
Users,src/app/(dashboard)/users/components/users-invite-dialog.tsx,58,validation.role_required,"role_id: z.string().min(1, { message: t(""validation.role_required"") }),"
Users,src/app/(dashboard)/users/components/users-invite-dialog.tsx,120,toast.error_send_invitation,"throw new Error(error.detail || t(""toast.error_send_invitation""))"
Users,src/app/(dashboard)/users/components/users-invite-dialog.tsx,153,invite_dialog.title,"{t(""invite_dialog.title"")}"
Users,src/app/(dashboard)/users/components/users-invite-dialog.tsx,156,invite_dialog.description,"{t(""invite_dialog.description"")}"
Users,src/app/(dashboard)/users/components/users-invite-dialog.tsx,182,fields.first_name.label,"<FormLabel>{t(""fields.first_name.label"")}</FormLabel>"
Users,src/app/(dashboard)/users/components/users-invite-dialog.tsx,185,fields.first_name.placeholder,"placeholder={t(""fields.first_name.placeholder"")}"
Users,src/app/(dashboard)/users/components/users-invite-dialog.tsx,200,fields.last_name.label,"<FormLabel>{t(""fields.last_name.label"")}</FormLabel>"
Users,src/app/(dashboard)/users/components/users-invite-dialog.tsx,203,fields.last_name.placeholder,"placeholder={t(""fields.last_name.placeholder"")}"
Users,src/app/(dashboard)/users/components/users-invite-dialog.tsx,220,fields.email.label,"<FormLabel>{t(""fields.email.label"")}</FormLabel>"
Users,src/app/(dashboard)/users/components/users-invite-dialog.tsx,224,fields.email.placeholder,"placeholder={t(""fields.email.placeholder"")}"
Users,src/app/(dashboard)/users/components/users-invite-dialog.tsx,260,fields.role.label,"<FormLabel>{t(""fields.role.label"")}</FormLabel>"
Users,src/app/(dashboard)/users/components/users-invite-dialog.tsx,264,fields.role.placeholder,"placeholder={t(""fields.role.placeholder"")}"
Users,src/app/(dashboard)/users/components/users-invite-dialog.tsx,292,invite_dialog.cancel,"{t(""invite_dialog.cancel"")}"
Users,src/app/(dashboard)/users/components/users-invite-dialog.tsx,304,invite_dialog.sending,"{t(""invite_dialog.sending"")}"
Users,src/app/(dashboard)/users/components/users-invite-dialog.tsx,309,invite_dialog.send_invitation,"{t(""invite_dialog.send_invitation"")}"
Users,src/app/(dashboard)/users/components/users-table.tsx,127,table.no_results,"{t(""table.no_results"")}"
Users,src/app/(dashboard)/users/groups/page.tsx,156,breadcrumb.home,"<Link href=""/"">{t(""breadcrumb.home"")}</Link>"
Users,src/app/(dashboard)/users/groups/page.tsx,162,breadcrumb.users,"<Link href=""/users"">{t(""breadcrumb.users"")}</Link>"
Users,src/app/(dashboard)/users/groups/page.tsx,167,breadcrumb.groups,"<BreadcrumbPage>{t(""breadcrumb.groups"")}</BreadcrumbPage>"
Users,src/app/(dashboard)/users/groups/page.tsx,173,page.title,"<h2 className=""text-2xl font-bold tracking-tight"">{t(""page.title"")}</h2>"
Users,src/app/(dashboard)/users/groups/page.tsx,176,action.create,"{t(""action.create"")}"
Users,src/app/(dashboard)/users/groups/page.tsx,185,stats.total_groups,"<CardTitle className=""text-sm font-medium"">{t(""stats.total_groups"")}</CardTitle>"
Users,src/app/(dashboard)/users/groups/page.tsx,191,stats.with_permissions,"{stats.groupsWithPermissions} {t(""stats.with_permissions"")}"
Users,src/app/(dashboard)/users/groups/page.tsx,197,stats.total_users,"<CardTitle className=""text-sm font-medium"">{t(""stats.total_users"")}</CardTitle>"
Users,src/app/(dashboard)/users/groups/page.tsx,203,stats.in_all_groups,"{t(""stats.in_all_groups"")}"
Users,src/app/(dashboard)/users/groups/page.tsx,209,stats.permissions,"<CardTitle className=""text-sm font-medium"">{t(""stats.permissions"")}</CardTitle>"
Users,src/app/(dashboard)/users/groups/page.tsx,215,stats.assigned_to_groups,"{t(""stats.assigned_to_groups"")}"
Users,src/app/(dashboard)/users/groups/page.tsx,221,stats.active_groups,"<CardTitle className=""text-sm font-medium"">{t(""stats.active_groups"")}</CardTitle>"
Users,src/app/(dashboard)/users/groups/page.tsx,227,stats.with_configured_access,"{t(""stats.with_configured_access"")}"
Users,src/app/(dashboard)/users/groups/page.tsx,239,page.tree_title,"{t(""page.tree_title"")}"
Users,src/app/(dashboard)/users/groups/page.tsx,242,page.select_group,"{t(""page.select_group"")}"
Users,src/app/(dashboard)/users/groups/page.tsx,250,action.search,"placeholder={t(""action.search"")}"
Users,src/app/(dashboard)/users/groups/page.tsx,262,message.no_group_found,"{t(""message.no_group_found"")}"
Users,src/app/(dashboard)/users/page.tsx,27,breadcrumb.home,"<Link href=""/"">{t(""breadcrumb.home"")}</Link>"
Users,src/app/(dashboard)/users/page.tsx,32,breadcrumb.users,"<BreadcrumbPage>{t(""breadcrumb.users"")}</BreadcrumbPage>"
Users,src/app/(dashboard)/users/page.tsx,37,page.description,"<h2 className=""text-2xl font-bold tracking-tight"">{t(""page.description"")}</h2>"
Users,src/app/(dashboard)/users/rbac/page.tsx,162,breadcrumb.home,"<Link href=""/"">{t(""breadcrumb.home"")}</Link>"
Users,src/app/(dashboard)/users/rbac/page.tsx,168,breadcrumb.users,"<Link href=""/users"">{t(""breadcrumb.users"")}</Link>"
Users,src/app/(dashboard)/users/rbac/page.tsx,173,breadcrumb.rbac,"<BreadcrumbPage>{t(""breadcrumb.rbac"")}</BreadcrumbPage>"
Users,src/app/(dashboard)/users/rbac/page.tsx,179,page.title,"<h2 className=""text-2xl font-bold tracking-tight"">{t(""page.title"")}</h2>"
Users,src/app/(dashboard)/users/rbac/page.tsx,182,roles.create,"{t(""roles.create"")}"
Users,src/app/(dashboard)/users/rbac/page.tsx,191,roles.total,"<CardTitle className=""text-sm font-medium"">{t(""roles.total"")}</CardTitle>"
Users,src/app/(dashboard)/users/rbac/page.tsx,197,roles.system,"{stats.systemRoles} {t(""roles.system"")}, {stats.customRoles} {t(""roles.custom"")}"
Users,src/app/(dashboard)/users/rbac/page.tsx,197,roles.custom,"{stats.systemRoles} {t(""roles.system"")}, {stats.customRoles} {t(""roles.custom"")}"
Users,src/app/(dashboard)/users/rbac/page.tsx,203,permissions.title,"<CardTitle className=""text-sm font-medium"">{t(""permissions.title"")}</CardTitle>"
Users,src/app/(dashboard)/users/rbac/page.tsx,209,permissions.assigned_to_roles,"{t(""permissions.assigned_to_roles"")}"
Users,src/app/(dashboard)/users/rbac/page.tsx,215,roles.system_roles,"<CardTitle className=""text-sm font-medium"">{t(""roles.system_roles"")}</CardTitle>"
Users,src/app/(dashboard)/users/rbac/page.tsx,221,roles.not_modifiable,"{t(""roles.not_modifiable"")}"
Users,src/app/(dashboard)/users/rbac/page.tsx,227,roles.custom_roles,"<CardTitle className=""text-sm font-medium"">{t(""roles.custom_roles"")}</CardTitle>"
Users,src/app/(dashboard)/users/rbac/page.tsx,233,roles.modifiable,"{t(""roles.modifiable"")}"
Users,src/app/(dashboard)/users/rbac/page.tsx,245,roles.list,"{t(""roles.list"")}"
Users,src/app/(dashboard)/users/rbac/page.tsx,248,roles.select_description,"{t(""roles.select_description"")}"
Users,src/app/(dashboard)/users/rbac/page.tsx,256,field.search_role,"placeholder={t(""field.search_role"")}"
Users,src/app/(dashboard)/users/rbac/page.tsx,268,message.no_role_found,"{t(""message.no_role_found"")}"
